"Response ID","Time Started","Date Submitted","Status","Contact ID","Legacy Comments","Comments","Language","Referer","Extended Referer","SessionID","User Agent","Extended User Agent","Tags","IP Address","Longitude","Latitude","Country","City","State/Region","Postal","What is your age?","What is your gender?","Other - Write In:What is your gender?","Which of the following best describes your race?","Other - Write In:Which of the following best describes your race?","Treatment/Control","","Please watch this short 2-minute video. You will be able to access the next question in 2 minutes.","Please watch this short 2-minute video. You will be able to access the next question in 2 minutes.","On a scale from 0-100, how interested in politics are you?"
"1","2015-11-13 14:00:34","2015-11-13 14:04:09","Complete","","","","English","","","1447705349_564a3b05a69640.28097948","Mozilla/5.0 (iPhone; CPU iPhone OS 9_1 like Mac OS X) AppleWebKit/601.1.46 (KHTML, like Gecko) Versi","Mozilla/5.0 (iPhone; CPU iPhone OS 9_1 like Mac OS X) AppleWebKit/601.1.46 (KHTML, like Gecko) Version/9.0 Mobile/13B143 Safari/601.1","","82.3.209.42","-1.3999999761581","50.900001525879","United Kingdom","Southampton","M4","SO15","18-24","Male","","White","","Control","","","","60"
"2","2015-11-13 14:03:54","2015-11-13 14:07:55","Complete","","","","English","","","1447705349_564a3b05a8a004.01173505","Mozilla/5.0 (iPhone; CPU iPhone OS 9_1 like Mac OS X) AppleWebKit/601.1.46 (KHTML, like Gecko) Versi","Mozilla/5.0 (iPhone; CPU iPhone OS 9_1 like Mac OS X) AppleWebKit/601.1.46 (KHTML, like Gecko) Version/9.0 Mobile/13B143 Safari/601.1","","82.13.160.180","-1.3999999761581","50.900001525879","United Kingdom","Southampton","M4","SO15","18-24","Female","","Asian","","Treatment","","","","78"
"3","2015-11-13 14:04:16","2015-11-13 14:07:32","Complete","","","","English","http://m.facebook.com","http://m.facebook.com","1447705349_564a3b05ac26f5.20260329","Mozilla/5.0 (iPhone; CPU iPhone OS 9_2 like Mac OS X) AppleWebKit/601.1.46 (KHTML, like Gecko) Mobil","Mozilla/5.0 (iPhone; CPU iPhone OS 9_2 like Mac OS X) AppleWebKit/601.1.46 (KHTML, like Gecko) Mobile/13C71 [FBAN/MessengerForiOS;FBAV/48.0.0.20.47;FBBV/17291106;FBDV/iPhone7,2;FBMD/iPhone;FBSN/iPhone OS;FBSV/9.2;FBSS/2; FBCR/vodafoneUK;FBID/phone;FBLC/en_GB;FBOP/5]","","82.3.209.42","-1.3999999761581","50.900001525879","United Kingdom","Southampton","M4","SO15","18-24","Male","","White","","Control","","","","70"
"4","2015-11-13 14:20:09","2015-11-13 14:24:14","Complete","","","","English","","","1447705349_564a3b05ae9d52.25826487","Mozilla/5.0 (Macintosh; Intel Mac OS X 10_10_5) AppleWebKit/600.8.9 (KHTML, like Gecko) Version/8.0.","Mozilla/5.0 (Macintosh; Intel Mac OS X 10_10_5) AppleWebKit/600.8.9 (KHTML, like Gecko) Version/8.0.8 Safari/600.8.9","","152.78.1.66","-1.3999999761581","50.900001525879","United Kingdom","Southampton","M4","SO15","18-24","Male","","Hispanic/Latino","","Treatment","","","","80"
"5","2015-11-13 14:20:28","2015-11-13 14:39:30","Complete","","","","English","https://www.facebook.com/","https://www.facebook.com/","1447705349_564a3b05b10175.99957738","Mozilla/5.0 (Windows NT 10.0; WOW64) AppleWebKit/537.36 (KHTML, like Gecko) Chrome/46.0.2490.86 Safa","Mozilla/5.0 (Windows NT 10.0; WOW64) AppleWebKit/537.36 (KHTML, like Gecko) Chrome/46.0.2490.86 Safari/537.36","","82.13.160.180","-1.3999999761581","50.900001525879","United Kingdom","Southampton","M4","SO15","18-24","Male","","White","","Treatment","","","","74"
"6","2015-11-13 15:03:27","2015-11-13 15:06:10","Complete","","","","English","","","1447705349_564a3b05b3ace4.41633603","Mozilla/5.0 (iPhone; CPU iPhone OS 9_1 like Mac OS X) AppleWebKit/601.1.46 (KHTML, like Gecko) Versi","Mozilla/5.0 (iPhone; CPU iPhone OS 9_1 like Mac OS X) AppleWebKit/601.1.46 (KHTML, like Gecko) Version/9.0 Mobile/13B143 Safari/601.1","","82.20.238.188","-1.3999999761581","50.900001525879","United Kingdom","Southampton","M4","SO15","18-24","Female","","White","","Control","","","","88"
"7","2015-11-13 15:31:24","2015-11-13 15:36:15","Complete","","","","English","","","1447705349_564a3b05b6b102.88448605","Mozilla/5.0 (Windows NT 6.3; WOW64) AppleWebKit/537.36 (KHTML, like Gecko) Chrome/46.0.2490.86 Safar","Mozilla/5.0 (Windows NT 6.3; WOW64) AppleWebKit/537.36 (KHTML, like Gecko) Chrome/46.0.2490.86 Safari/537.36","","81.100.241.157","-1.3999999761581","50.900001525879","United Kingdom","Southampton","M4","SO15","18-24","Male","","White","","Control","","","","100"
"8","2015-11-13 15:37:58","2015-11-13 15:40:46","Complete","","","","English","https://www.facebook.com/","https://www.facebook.com/","1447705349_564a3b05b91e56.28285359","Mozilla/5.0 (Macintosh; Intel Mac OS X 10_11_1) AppleWebKit/601.2.7 (KHTML, like Gecko) Version/9.0.","Mozilla/5.0 (Macintosh; Intel Mac OS X 10_11_1) AppleWebKit/601.2.7 (KHTML, like Gecko) Version/9.0.1 Safari/601.2.7","","86.135.100.88","-1.1244000196457","51.248699188232","United Kingdom","Basingstoke","F2","RG22","18-24","Male","","White","","Control","","","","45"
"9","2015-11-13 15:40:24","2015-11-13 15:41:15","Partial","","","","English","http://m.facebook.com","http://m.facebook.com","1447705349_564a3b05bc7940.63403945","Mozilla/5.0 (iPhone; CPU iPhone OS 8_3 like Mac OS X) AppleWebKit/600.1.4 (KHTML, like Gecko) Mobile","Mozilla/5.0 (iPhone; CPU iPhone OS 8_3 like Mac OS X) AppleWebKit/600.1.4 (KHTML, like Gecko) Mobile/12F70 [FBAN/FBIOS;FBAV/43.0.0.26.314;FBBV/17000587;FBDV/iPhone5,2;FBMD/iPhone;FBSN/iPhone OS;FBSV/8.3;FBSS/2; FBCR/vodafoneUK;FBID/phone;FBLC/en_GB;FBOP/5]","","152.78.0.199","-1.3999999761581","50.900001525879","United Kingdom","Southampton","M4","SO15","18-24","Male","","White","","","","","",""
"10","2015-11-13 15:55:42","2015-11-13 15:58:31","Complete","","","","English","http://m.facebook.com/","http://m.facebook.com/","1447705349_564a3b05be67f7.45306588","Mozilla/5.0 (Linux; Android 5.1.1; D5803 Build/23.4.A.1.236; wv) AppleWebKit/537.36 (KHTML, like Gec","Mozilla/5.0 (Linux; Android 5.1.1; D5803 Build/23.4.A.1.236; wv) AppleWebKit/537.36 (KHTML, like Gecko) Version/4.0 Chrome/46.0.2490.76 Mobile Safari/537.36 [FB_IAB/FB4A;FBAV/53.0.0.29.18;]","","94.15.119.251","0.25","50.799999237061","United Kingdom","Eastbourne","E2","BN21","25-34","Female","","White","","Control","","","","50"
"11","2015-11-13 16:08:36","2015-11-13 16:11:23","Complete","","","","English","","","1447705349_564a3b05c19047.42320163","Mozilla/5.0 (Linux; Android 5.1.1; D5803 Build/23.4.A.1.232) AppleWebKit/537.36 (KHTML, like Gecko) ","Mozilla/5.0 (Linux; Android 5.1.1; D5803 Build/23.4.A.1.232) AppleWebKit/537.36 (KHTML, like Gecko) Chrome/46.0.2490.76 Mobile Safari/537.36","","152.78.1.81","-1.3999999761581","50.900001525879","United Kingdom","Southampton","M4","SO15","18-24","Male","","White","","Control","","","","51"
"12","2015-11-13 16:15:19","2015-11-13 16:15:36","Partial","","","","English","https://m.facebook.com/","https://m.facebook.com/","1447705349_564a3b05c40138.99534175","Mozilla/5.0 (Linux; Android 5.0; E2303 Build/26.1.A.2.99) AppleWebKit/537.36 (KHTML, like Gecko) Chr","Mozilla/5.0 (Linux; Android 5.0; E2303 Build/26.1.A.2.99) AppleWebKit/537.36 (KHTML, like Gecko) Chrome/44.0.2403.133 Mobile Safari/537.36","","192.38.110.144","12.583299636841","55.666698455811","Denmark","Copenhagen","17","1513","18-24","Male","","White","","","","","",""
"13","2015-11-13 16:15:50","2015-11-13 16:34:24","Complete","","","","English","https://www.facebook.com/","https://www.facebook.com/","1447705349_564a3b05c5c0c9.05837218","Mozilla/5.0 (Windows NT 6.3; WOW64) AppleWebKit/537.36 (KHTML, like Gecko) Chrome/45.0.2454.101 Safa","Mozilla/5.0 (Windows NT 6.3; WOW64) AppleWebKit/537.36 (KHTML, like Gecko) Chrome/45.0.2454.101 Safari/537.36","","152.78.0.10","-1.3999999761581","50.900001525879","United Kingdom","Southampton","M4","SO15","18-24","Male","","White","","Treatment","","","","80"
"14","2015-11-13 16:18:34","2015-11-13 16:21:31","Complete","","","","English","http://m.facebook.com","http://m.facebook.com","1447705349_564a3b05c783b6.86112881","Mozilla/5.0 (iPhone; CPU iPhone OS 9_1 like Mac OS X) AppleWebKit/601.1.46 (KHTML, like Gecko) Mobil","Mozilla/5.0 (iPhone; CPU iPhone OS 9_1 like Mac OS X) AppleWebKit/601.1.46 (KHTML, like Gecko) Mobile/13B143 [FBAN/MessengerForiOS;FBAV/48.0.0.20.47;FBBV/17291106;FBDV/iPhone5,4;FBMD/iPhone;FBSN/iPhone OS;FBSV/9.1;FBSS/2; FBCR/EE;FBID/phone;FBLC/en_GB;FBOP/5]","","81.106.20.68","-1.4055000543594","50.946300506592","United Kingdom","Southampton","M4","SO16","18-24","Male","","White","","Control","","","","40"
"15","2015-11-13 16:23:33","2015-11-13 16:23:40","Partial","","","","English","http://m.facebook.com","http://m.facebook.com","1447705349_564a3b05c92a76.13281827","Mozilla/5.0 (iPhone; CPU iPhone OS 9_1 like Mac OS X) AppleWebKit/601.1.46 (KHTML, like Gecko) Mobil","Mozilla/5.0 (iPhone; CPU iPhone OS 9_1 like Mac OS X) AppleWebKit/601.1.46 (KHTML, like Gecko) Mobile/13B143 [FBAN/MessengerForiOS;FBAV/48.0.0.20.47;FBBV/17291106;FBDV/iPhone5,4;FBMD/iPhone;FBSN/iPhone OS;FBSV/9.1;FBSS/2; FBCR/EE;FBID/phone;FBLC/en_GB;FBOP/5]","","81.106.20.68","-1.4055000543594","50.946300506592","United Kingdom","Southampton","M4","SO16","18-24","Male","","White","","","","","",""
"16","2015-11-13 16:24:03","2015-11-13 16:25:43","Complete","","","","English","http://m.facebook.com","http://m.facebook.com","1447705349_564a3b05cd4ba6.48489290","Mozilla/5.0 (iPhone; CPU iPhone OS 9_1 like Mac OS X) AppleWebKit/601.1.46 (KHTML, like Gecko) Mobil","Mozilla/5.0 (iPhone; CPU iPhone OS 9_1 like Mac OS X) AppleWebKit/601.1.46 (KHTML, like Gecko) Mobile/13B143 [FBAN/FBIOS;FBAV/42.0.0.40.154;FBBV/16331253;FBDV/iPhone7,2;FBMD/iPhone;FBSN/iPhone OS;FBSV/9.1;FBSS/2; FBCR/O2;FBID/phone;FBLC/en_GB;FBOP/5]","","82.13.161.117","-1.4055000543594","50.946300506592","United Kingdom","Southampton","M4","SO16","18-24","Female","","White","","Treatment","","","","20"
"17","2015-11-13 16:30:00","2015-11-13 16:33:29","Complete","","","","English","https://www.facebook.com/","https://www.facebook.com/","1447705349_564a3b05d012a3.32697109","Mozilla/5.0 (Macintosh; Intel Mac OS X 10_10_5) AppleWebKit/537.36 (KHTML, like Gecko) Chrome/46.0.2","Mozilla/5.0 (Macintosh; Intel Mac OS X 10_10_5) AppleWebKit/537.36 (KHTML, like Gecko) Chrome/46.0.2490.80 Safari/537.36","","82.23.154.28","-1.3999999761581","50.900001525879","United Kingdom","Southampton","M4","SO15","18-24","Male","","Other - Write In","African-Caucasian","Treatment","","","","95"
"18","2015-11-13 16:38:57","2015-11-13 16:42:06","Complete","","","","English","http://l.facebook.com/lsr.php?u=http%3A%2F%2Fj.mp%2Fsocial_research_survey&ext=1447450796&hash=AclWD","http://l.facebook.com/lsr.php?u=http%3A%2F%2Fj.mp%2Fsocial_research_survey&ext=1447450796&hash=AclWDojTsIf_vknTHRmiI9ZPDUoPvtEGqU8MqQ5Z4ot6aQ","1447705349_564a3b05d464e8.40413596","Mozilla/5.0 (Linux; Android 5.1.1; MotoG3 Build/LPI23.72-47) AppleWebKit/537.36 (KHTML, like Gecko) ","Mozilla/5.0 (Linux; Android 5.1.1; MotoG3 Build/LPI23.72-47) AppleWebKit/537.36 (KHTML, like Gecko) Chrome/46.0.2490.76 Mobile Safari/537.36","","95.147.179.30","-3.6981999874115","50.405498504639","United Kingdom","Totnes","D4","TQ9","35-54","Female","","White","","Treatment","","","","30"
"19","2015-11-13 16:48:15","2015-11-13 16:51:21","Complete","","","","English","","","1447705349_564a3b05d92943.92423340","Mozilla/5.0 (Linux; Android 5.0.2; XT1072 Build/LXB22.46-28) AppleWebKit/537.36 (KHTML, like Gecko) ","Mozilla/5.0 (Linux; Android 5.0.2; XT1072 Build/LXB22.46-28) AppleWebKit/537.36 (KHTML, like Gecko) Chrome/43.0.2357.93 Mobile Safari/537.36","","87.115.248.74","-0.12999999523163","51.5","United Kingdom","","","","18-24","Prefer not to answer","","White","","Treatment","","","","92"
"20","2015-11-13 16:54:59","2015-11-13 16:58:22","Complete","","","","English","https://www.facebook.com/","https://www.facebook.com/","1447705349_564a3b05dde0d8.19908368","Mozilla/5.0 (Windows NT 6.3; WOW64) AppleWebKit/537.36 (KHTML, like Gecko) Chrome/45.0.2454.101 Safa","Mozilla/5.0 (Windows NT 6.3; WOW64) AppleWebKit/537.36 (KHTML, like Gecko) Chrome/45.0.2454.101 Safari/537.36","","152.78.0.10","-1.3999999761581","50.900001525879","United Kingdom","Southampton","M4","SO15","18-24","Male","","White","","Control","","","","80"
"21","2015-11-13 16:31:41","2015-11-13 17:20:41","Complete","","","","English","https://www.facebook.com/","https://www.facebook.com/","1447705349_564a3b05e09661.24552056","Mozilla/5.0 (Windows NT 10.0; WOW64) AppleWebKit/537.36 (KHTML, like Gecko) Chrome/46.0.2490.86 Safa","Mozilla/5.0 (Windows NT 10.0; WOW64) AppleWebKit/537.36 (KHTML, like Gecko) Chrome/46.0.2490.86 Safari/537.36","","152.78.36.206","-1.3999999761581","50.900001525879","United Kingdom","Southampton","M4","SO15","18-24","Female","","Asian","","Treatment","","","","80"
"22","2015-11-13 17:32:11","2015-11-13 17:34:31","Complete","","","","English","https://www.facebook.com/","https://www.facebook.com/","1447705349_564a3b05e48619.11017677","Mozilla/5.0 (Windows NT 10.0; WOW64) AppleWebKit/537.36 (KHTML, like Gecko) Chrome/46.0.2490.86 Safa","Mozilla/5.0 (Windows NT 10.0; WOW64) AppleWebKit/537.36 (KHTML, like Gecko) Chrome/46.0.2490.86 Safari/537.36","","82.19.92.249","-1.3999999761581","50.900001525879","United Kingdom","Southampton","M4","SO15","18-24","Male","","White","","Treatment","","","","0"
"23","2015-11-13 18:06:16","2015-11-13 18:09:27","Complete","","","","English","","","1447705349_564a3b05e7ab36.41701750","Mozilla/5.0 (Linux; Android 5.1.1; A0001 Build/LMY48B) AppleWebKit/537.36 (KHTML, like Gecko) Chrome","Mozilla/5.0 (Linux; Android 5.1.1; A0001 Build/LMY48B) AppleWebKit/537.36 (KHTML, like Gecko) Chrome/46.0.2490.76 Mobile Safari/537.36","","92.40.249.39","-0.12999999523163","51.5","United Kingdom","","","","18-24","Male","","White","","","","","","8"
"24","2015-11-13 18:27:27","2015-11-13 18:31:04","Complete","","","","English","","","1447705349_564a3b05e9aa48.48300294","Mozilla/5.0 (Linux; Android 5.1.1; A0001 Build/LMY48B) AppleWebKit/537.36 (KHTML, like Gecko) Chrome","Mozilla/5.0 (Linux; Android 5.1.1; A0001 Build/LMY48B) AppleWebKit/537.36 (KHTML, like Gecko) Chrome/46.0.2490.76 Mobile Safari/537.36","","82.28.82.64","-1.3500000238419","51.083301544189","United Kingdom","Winchester","F2","SO22","18-24","Male","","White","","","","","","70"
"25","2015-11-13 19:43:48","2015-11-13 19:46:40","Complete","","","","English","https://www.facebook.com/","https://www.facebook.com/","1447705349_564a3b05ecf657.85266218","Mozilla/5.0 (Macintosh; Intel Mac OS X 10_10_5) AppleWebKit/601.2.7 (KHTML, like Gecko) Version/9.0.","Mozilla/5.0 (Macintosh; Intel Mac OS X 10_10_5) AppleWebKit/601.2.7 (KHTML, like Gecko) Version/9.0.1 Safari/601.2.7","","78.151.62.85","-2.6333000659943","50.950000762939","United Kingdom","Yeovil","M3","BA21","18-24","Male","","White","","Treatment","","","","26"
"26","2015-11-14 06:26:59","2015-11-14 06:27:18","Partial","","","","English","","","1447705349_564a3b05f25001.31644542","Mozilla/5.0 (iPhone; CPU iPhone OS 9_1 like Mac OS X) AppleWebKit/601.1.46 (KHTML, like Gecko) Mobil","Mozilla/5.0 (iPhone; CPU iPhone OS 9_1 like Mac OS X) AppleWebKit/601.1.46 (KHTML, like Gecko) Mobile/13B143 Twitter for iPhone","","86.129.190.82","-0.15770000219345","51.38399887085","United Kingdom","Mitcham","I4","CR4","18-24","Male","","White","","","","","",""
"27","2015-11-14 08:14:16","2015-11-14 08:16:42","Partial","","","","English","","","1447705350_564a3b0601b441.76929510","Mozilla/5.0 (Windows NT 10.0; WOW64; rv:42.0) Gecko/20100101 Firefox/42.0","Mozilla/5.0 (Windows NT 10.0; WOW64; rv:42.0) Gecko/20100101 Firefox/42.0","","152.78.1.77","-1.3999999761581","50.900001525879","United Kingdom","Southampton","M4","SO15","18-24","Male","","White","","Control","","","",""
"28","2015-11-14 09:47:17","2015-11-14 09:50:52","Complete","","","","English","","","1447705350_564a3b06074ce0.82296444","Mozilla/5.0 (iPhone; CPU iPhone OS 9_1 like Mac OS X) AppleWebKit/600.1.4 (KHTML, like Gecko) CriOS/","Mozilla/5.0 (iPhone; CPU iPhone OS 9_1 like Mac OS X) AppleWebKit/600.1.4 (KHTML, like Gecko) CriOS/46.0.2490.73 Mobile/13B143 Safari/600.1.4","","81.106.20.16","-1.4055000543594","50.946300506592","United Kingdom","Southampton","M4","SO16","18-24","Male","","Black/African-American","","Control","","","","100"
"29","2015-11-14 10:14:49","2015-11-14 10:15:29","Partial","","","","English","","","1447705350_564a3b060a98a3.07519253","Mozilla/5.0 (Linux; Android 5.1.1; D5803 Build/23.4.A.1.232) AppleWebKit/537.36 (KHTML, like Gecko) ","Mozilla/5.0 (Linux; Android 5.1.1; D5803 Build/23.4.A.1.232) AppleWebKit/537.36 (KHTML, like Gecko) Version/4.0 Chrome/42.0.2311.133 Mobile Safari/537.36","","94.197.121.170","-0.12999999523163","51.5","United Kingdom","","","","18-24","Female","","White","","","","","",""
"30","2015-11-14 10:17:46","2015-11-14 10:21:42","Complete","","","","English","","","1447705350_564a3b060d92b2.37643845","Mozilla/5.0 (Linux; Android 4.4.3; HTC Desire 510 Build/KTU84L) AppleWebKit/537.36 (KHTML, like Geck","Mozilla/5.0 (Linux; Android 4.4.3; HTC Desire 510 Build/KTU84L) AppleWebKit/537.36 (KHTML, like Gecko) Chrome/46.0.2490.76 Mobile Safari/537.36","","82.19.124.222","-1.4055000543594","50.946300506592","United Kingdom","Southampton","M4","SO16","18-24","Male","","White","","Treatment","","","","71"
"31","2015-11-14 10:17:53","2015-11-14 10:20:25","Complete","","","","English","","","1447705350_564a3b06110105.89912675","Mozilla/5.0 (Linux; Android 5.0.2; MotoE2(4G-LTE) Build/LXI22.50-53.8) AppleWebKit/537.36 (KHTML, li","Mozilla/5.0 (Linux; Android 5.0.2; MotoE2(4G-LTE) Build/LXI22.50-53.8) AppleWebKit/537.36 (KHTML, like Gecko) Chrome/46.0.2490.76 Mobile Safari/537.36","","82.19.124.222","-1.4055000543594","50.946300506592","United Kingdom","Southampton","M4","SO16","18-24","Male","","White","","Control","","","","73"
"32","2015-11-14 10:22:03","2015-11-14 10:24:57","Complete","","","","English","","","1447705350_564a3b0612a4d9.33248841","Mozilla/5.0 (iPhone; CPU iPhone OS 9_1 like Mac OS X) AppleWebKit/601.1.46 (KHTML, like Gecko) Versi","Mozilla/5.0 (iPhone; CPU iPhone OS 9_1 like Mac OS X) AppleWebKit/601.1.46 (KHTML, like Gecko) Version/9.0 Mobile/13B143 Safari/601.1","","82.27.197.225","-1.3999999761581","50.900001525879","United Kingdom","Southampton","M4","SO15","18-24","Female","","White","","Control","","","","55"
"33","2015-11-14 10:22:18","2015-11-14 10:22:31","Partial","","","","English","","","1447705350_564a3b06143952.04199704","Mozilla/5.0 (Linux; Android 4.4.3; HTC Desire 510 Build/KTU84L) AppleWebKit/537.36 (KHTML, like Geck","Mozilla/5.0 (Linux; Android 4.4.3; HTC Desire 510 Build/KTU84L) AppleWebKit/537.36 (KHTML, like Gecko) Chrome/46.0.2490.76 Mobile Safari/537.36","","82.19.124.222","-1.4055000543594","50.946300506592","United Kingdom","Southampton","M4","SO16","18-24","Male","","White","","","","","",""
"34","2015-11-14 10:22:27","2015-11-14 10:25:04","Complete","","","","English","","","1447705350_564a3b06163f02.19058721","Mozilla/5.0 (Linux; Android 5.1.1; D5803 Build/23.4.A.1.232) AppleWebKit/537.36 (KHTML, like Gecko) ","Mozilla/5.0 (Linux; Android 5.1.1; D5803 Build/23.4.A.1.232) AppleWebKit/537.36 (KHTML, like Gecko) Version/4.0 Chrome/42.0.2311.133 Mobile Safari/537.36","","94.197.121.170","-0.12999999523163","51.5","United Kingdom","","","","18-24","Female","","White","","Treatment","","","","87"
"35","2015-11-14 10:29:04","2015-11-14 10:29:43","Complete","","","","English","","","1447705350_564a3b06187920.71384918","Mozilla/5.0 (iPhone; CPU iPhone OS 9_1 like Mac OS X) AppleWebKit/601.1.46 (KHTML, like Gecko) Versi","Mozilla/5.0 (iPhone; CPU iPhone OS 9_1 like Mac OS X) AppleWebKit/601.1.46 (KHTML, like Gecko) Version/9.0 Mobile/13B143 Safari/601.1","","86.154.144.215","-2","50.716701507568","United Kingdom","Poole","K5","BH15","18-24","Female","","White","","Treatment","","","","50"
"36","2015-11-14 11:02:02","2015-11-14 11:04:37","Complete","","","","English","https://t.co/ABjlNvBaHy","https://t.co/ABjlNvBaHy","1447705350_564a3b061a3a81.12297655","Mozilla/5.0 (Macintosh; Intel Mac OS X 10_11_1) AppleWebKit/537.36 (KHTML, like Gecko) Chrome/46.0.2","Mozilla/5.0 (Macintosh; Intel Mac OS X 10_11_1) AppleWebKit/537.36 (KHTML, like Gecko) Chrome/46.0.2490.80 Safari/537.36","","82.24.157.230","-1.8851000070572","52.545700073242","United Kingdom","Birmingham","A7","B44","18-24","Female","","White","","Control","","","","70"
"37","2015-11-14 11:02:51","2015-11-14 11:07:04","Complete","","","","English","","","1447705350_564a3b061c92c6.12226969","Mozilla/5.0 (iPhone; CPU iPhone OS 9_1 like Mac OS X) AppleWebKit/601.1.46 (KHTML, like Gecko) Versi","Mozilla/5.0 (iPhone; CPU iPhone OS 9_1 like Mac OS X) AppleWebKit/601.1.46 (KHTML, like Gecko) Version/9.0 Mobile/13B143 Safari/601.1","","78.147.17.207","-1.3999999761581","50.900001525879","United Kingdom","Southampton","M4","SO15","18-24","Female","","White","","Treatment","","","","22"
"38","2015-11-14 11:12:56","2015-11-14 11:15:26","Complete","","","","English","","","1447705350_564a3b061f3454.81840564","Mozilla/5.0 (iPhone; CPU iPhone OS 9_1 like Mac OS X) AppleWebKit/601.1.46 (KHTML, like Gecko) Mobil","Mozilla/5.0 (iPhone; CPU iPhone OS 9_1 like Mac OS X) AppleWebKit/601.1.46 (KHTML, like Gecko) Mobile/13B143 Twitter for iPhone","","94.118.82.248","-0.26669999957085","51.599998474121","United Kingdom","Edgware","A2","HA8","25-34","Male","","White","","Control","","","","100"
"39","2015-11-14 11:52:26","2015-11-14 12:04:35","Complete","","","","English","https://www.facebook.com","https://www.facebook.com","1447705350_564a3b0621f999.17153984","Mozilla/5.0 (Windows NT 6.1; WOW64; rv:42.0) Gecko/20100101 Firefox/42.0","Mozilla/5.0 (Windows NT 6.1; WOW64; rv:42.0) Gecko/20100101 Firefox/42.0","","152.78.0.175","-1.3999999761581","50.900001525879","United Kingdom","Southampton","M4","SO15","18-24","Female","","White","","Treatment","","","","90"
"40","2015-11-14 12:08:18","2015-11-14 12:10:54","Complete","","","","English","http://m.facebook.com","http://m.facebook.com","1447705350_564a3b06249216.87750734","Mozilla/5.0 (iPhone; CPU iPhone OS 9_1 like Mac OS X) AppleWebKit/601.1.46 (KHTML, like Gecko) Mobil","Mozilla/5.0 (iPhone; CPU iPhone OS 9_1 like Mac OS X) AppleWebKit/601.1.46 (KHTML, like Gecko) Mobile/13B143 [FBAN/MessengerForiOS;FBAV/45.0.0.20.227;FBBV/16324485;FBDV/iPhone6,2;FBMD/iPhone;FBSN/iPhone OS;FBSV/9.1;FBSS/2; FBCR/EE;FBID/phone;FBLC/en_GB;FBOP/5]","","31.93.239.4","-0.12999999523163","51.5","United Kingdom","","","","18-24","Female","","White","","Control","","","","66"
"41","2015-11-14 13:52:51","2015-11-14 13:55:48","Complete","","","","English","","","1447705350_564a3b06266983.41269304","Mozilla/5.0 (iPhone; CPU iPhone OS 9_1 like Mac OS X) AppleWebKit/601.1.46 (KHTML, like Gecko) Mobil","Mozilla/5.0 (iPhone; CPU iPhone OS 9_1 like Mac OS X) AppleWebKit/601.1.46 (KHTML, like Gecko) Mobile/13B143 Twitter for iPhone","","86.129.22.102","-3.1545000076294","51.514400482178","United Kingdom","Cardiff","X5","CF23","18-24","Female","","White","","Treatment","","","","15"
"42","2015-11-14 14:14:06","2015-11-14 14:14:20","Partial","","","","English","","","1447705350_564a3b062c29c2.48174893","Mozilla/5.0 (iPhone; CPU iPhone OS 9_1 like Mac OS X) AppleWebKit/601.1.46 (KHTML, like Gecko) Versi","Mozilla/5.0 (iPhone; CPU iPhone OS 9_1 like Mac OS X) AppleWebKit/601.1.46 (KHTML, like Gecko) Version/9.0 Mobile/13B143 Safari/601.1","","192.150.182.219","-2.2167000770569","53.5","United Kingdom","Manchester","I2","M40","18-24","Female","","White","","","","","",""
"43","2015-11-14 16:53:32","2015-11-14 16:56:39","Complete","","","","English","https://t.co/9AzE7ve5cC","https://t.co/9AzE7ve5cC","1447705350_564a3b062de998.67678732","Mozilla/5.0 (iPhone; CPU iPhone OS 9_1 like Mac OS X) AppleWebKit/601.1.46 (KHTML, like Gecko) Mobil","Mozilla/5.0 (iPhone; CPU iPhone OS 9_1 like Mac OS X) AppleWebKit/601.1.46 (KHTML, like Gecko) Mobile/13B143 Twitter for iPhone","","92.40.248.115","-0.12999999523163","51.5","United Kingdom","","","","18-24","Female","","White","","Control","","","","100"
"44","2015-11-14 18:12:35","2015-11-14 18:15:04","Complete","","","","English","https://www.facebook.com/","https://www.facebook.com/","1447705350_564a3b062f98f9.05218742","Mozilla/5.0 (Windows NT 6.1; WOW64) AppleWebKit/537.36 (KHTML, like Gecko) Chrome/46.0.2490.86 Safar","Mozilla/5.0 (Windows NT 6.1; WOW64) AppleWebKit/537.36 (KHTML, like Gecko) Chrome/46.0.2490.86 Safari/537.36","","79.66.218.195","-0.19930000603199","51.48030090332","United Kingdom","London","H9","SW6","25-34","Male","","White","","Treatment","","","","100"
"45","2015-11-14 20:02:03","2015-11-14 20:05:19","Complete","","","","English","","","1447705350_564a3b06328042.18816564","Mozilla/5.0 (Linux; Android 4.4.2; GT-I9195 Build/KOT49H) AppleWebKit/537.36 (KHTML, like Gecko) Chr","Mozilla/5.0 (Linux; Android 4.4.2; GT-I9195 Build/KOT49H) AppleWebKit/537.36 (KHTML, like Gecko) Chrome/46.0.2490.76 Mobile Safari/537.36","","80.1.104.46","-0.27009999752045","51.330501556396","United Kingdom","Epsom","N7","KT19","18-24","Female","","White","","Treatment","","","","81"
"46","2015-11-15 07:15:00","2015-11-15 07:17:48","Complete","","","","English","http://m.facebook.com","http://m.facebook.com","1447705350_564a3b06347648.23978379","Mozilla/5.0 (iPhone; CPU iPhone OS 9_1 like Mac OS X) AppleWebKit/601.1.46 (KHTML, like Gecko) Mobil","Mozilla/5.0 (iPhone; CPU iPhone OS 9_1 like Mac OS X) AppleWebKit/601.1.46 (KHTML, like Gecko) Mobile/13B143 [FBAN/FBIOS;FBAV/43.0.0.26.314;FBBV/17000587;FBDV/iPhone6,2;FBMD/iPhone;FBSN/iPhone OS;FBSV/9.1;FBSS/2; FBCR/EE;FBID/phone;FBLC/en_GB;FBOP/5]","","82.20.236.88","-1.3999999761581","50.900001525879","United Kingdom","Southampton","M4","SO15","18-24","Female","","White","","Treatment","","","","70"
"47","2015-11-15 14:43:43","2015-11-15 14:44:42","Partial","","","","English","https://t.co/qsiVdrkn5o","https://t.co/qsiVdrkn5o","1447705350_564a3b06363847.10962774","Mozilla/5.0 (Windows NT 6.1; WOW64) AppleWebKit/537.36 (KHTML, like Gecko) Chrome/46.0.2490.86 Safar","Mozilla/5.0 (Windows NT 6.1; WOW64) AppleWebKit/537.36 (KHTML, like Gecko) Chrome/46.0.2490.86 Safari/537.36","","152.78.0.179","-1.3999999761581","50.900001525879","United Kingdom","Southampton","M4","SO15","18-24","Other - Write In","female is not a gender","White","","","","","",""
"48","2015-11-16 07:39:42","2015-11-16 07:43:37","Complete","","","","English","","","1447705350_564a3b06385446.64583893","Mozilla/5.0 (Windows NT 6.3) AppleWebKit/537.36 (KHTML, like Gecko) Chrome/46.0.2490.86 Safari/537.3","Mozilla/5.0 (Windows NT 6.3) AppleWebKit/537.36 (KHTML, like Gecko) Chrome/46.0.2490.86 Safari/537.36","","152.78.212.160","-1.3999999761581","50.900001525879","United Kingdom","Southampton","M4","SO15","18-24","Female","","White","","Treatment","","","","92"
"49","2015-11-17 18:23:45","2015-11-17 18:23:55","Partial","","","","English","","","1447802625_564bb7012856d8.20474188","Mozilla/5.0 (Macintosh; Intel Mac OS X 10_11_1) AppleWebKit/537.36 (KHTML, like Gecko) Chrome/46.0.2","Mozilla/5.0 (Macintosh; Intel Mac OS X 10_11_1) AppleWebKit/537.36 (KHTML, like Gecko) Chrome/46.0.2490.86 Safari/537.36","","81.106.33.33","-1.3999999761581","50.900001525879","United Kingdom","Southampton","M4","SO15","","","","","","","","","",""
